{	"Name" : "filter-by-contextual-association", 	"DisplayName" : "Filter By Contextual Association", 	"Description" : "Allow you to filter items on a node depending on a Contextual association with the first parent",	"JavaScriptClassName" : "cwFilterByContextualAssociation",	"Options": [        {          "Id": "replace-layout",          "DisplayName": "Use Layout",          "Description": "Set the layout javascript class name you want to use to display this node",          "Type": 0        },        {        	"Id": "filter-in",        	"DisplayName": "Filter In",        	"Description": "Set the id of the node which should be display if the Contextual association exist",        	"Type": 0        },        {          "Id": "filter-out",          "DisplayName": "Filter Out",          "Description": "Set the id of the node which should be display if the Contextual association not exist",          "Type": 0        }    ]}