{	"Name" : "Ternary-filter", 	"DisplayName" : "Ternary Filter", 	"Description" : "Allow you to display Ternary",	"JavaScriptClassName" : "cwTernaryFilter",	"Options": [		    {          "Id": "replace-layout",          "DisplayName": "Use Layout",          "Description": "Set the layout javascript class name you want to use to display this node",          "Type": 0        },        {          "Id": "Hide-Empty-lvl-0",          "DisplayName": "Hide Empty lvl 0",          "Description": "Hide Empty lvl 0 objects of the ternary",          "Type": 1        },        {          "Id": "Hide-Empty-lvl-1",          "DisplayName": "Hide Empty lvl 1",          "Description": "Hide Empty lvl 1 objects of the ternary",          "Type": 1        },        {          "Id": "other-options",          "DisplayName": "Other Options",          "Description": "If you want to use, another custom layout with this layout, you can fill the options here. Option1:ValueOption1#Option2:ValueOption2",          "Type": 0        },        {          "Id": "ObjectPageContextualFilter",          "DisplayName": "ObjectPage Contextual Filter",          "Description": "This will filter the last level of the Ternary to allow only the one of the ObjectPage",          "Type": 1                  }    ]}