{	"Name" : "Ternary-Creation", 	"DisplayName" : "Ternary Creation", 	"Description" : "Allow you to Create Ternary",	"JavaScriptClassName" : "cwTernaryCreation",	"Options": [		{          "Id": "EVOD-url",          "DisplayName": "EVOD url",          "Description": "Evolve On Demand URL",          "Type": 0        },		{          "Id": "Quick-Add",          "DisplayName": "Quick Add",          "Description": "Adding will not reload the custom display string and link, that allow you to add multiple item quickly, if you reload the page the link and custom display string will appear correctly",          "Type": 1        }    ]}