{	"Name" : "filter-by-External-association", 	"DisplayName" : "Filter By External Association", 	"Description" : "Allow you to filter items on a node depending on a External association with the first parent",	"JavaScriptClassName" : "cwFilterByExternalAssociation",	"Options": [        {          "Id": "replace-layout",          "DisplayName": "Use Layout",          "Description": "Set the layout javascript class name you want to use to display this node",          "Type": 0        },        {        	"Id": "filter-in",        	"DisplayName": "Filter In",        	"Description": "Set the id of the node which should be display if the External association exist",        	"Type": 0        },        {          "Id": "filter-out",          "DisplayName": "Filter Out",          "Description": "Set the id of the node which should be display if the External association not exist",          "Type": 0        }    ]}