{	"Name" : "reverse-list", 	"DisplayName" : "Reverse List", 	"Description" : "Display objects following the children nodes",	"JavaScriptClassName" : "cwLayoutReverseList",	"Options": [        {          "Id": "replace-layout",          "DisplayName": "Use Layout",          "Description": "Set the layout javascript class name you want to use to display this node",          "Type":  0        },        {        	"Id": "last-reverse-node",        	"DisplayName": "Last Node",        	"Description": "Set the id of the node which should become root node",        	"Type": 0        }    ]}