{	"Name" : "filter-by-External-association", 	"DisplayName" : "Filter By External Association", 	"Description" : "Allow you to filter items on a node depending on a External association with the first parent",	"JavaScriptClassName" : "cwFilterByExternalAssociation",	"Options": [        {          "Id": "replace-layout",          "DisplayName": "Use Layout",          "Description": "Set the layout javascript class name you want to use to display this node",          "Type": 0        },        {        	"Id": "filter-in",        	"DisplayName": "Filter In",        	"Description": "Set the id of the node which should be display if the External association exist",        	"Type": 0        },        {          "Id": "multiple-association-policy",          "DisplayName": "Display if all selected association of an association type",          "Description": "Element need to have all selected association of an association type",          "Type": 1        },        {          "Id": "multiple-association-type-policy",          "DisplayName": "Display if at least one association in all association type",          "Description": "Element need to have at least one association in all association type",          "Type": 1        }    ]}